{
  "minecraft:recipes/building_blocks/pink_concrete_powder": {
    "criteria": {
      "has_gravel": "2022-07-20 13:24:13 -0500"
    },
    "done": true
  },
  "minecraft:recipes/building_blocks/red_concrete_powder": {
    "criteria": {
      "has_gravel": "2022-07-20 13:24:13 -0500"
    },
    "done": true
  },
  "createdeco:recipes/createdeco.bricks/mossy_red_long_bricks_slab": {
    "criteria": {
      "has_mossy_red_long_bricks": "2022-07-20 13:23:54 -0500"
    },
    "done": true
  },
  "createdeco:recipes/createdeco.bricks/cracked_red_long_bricks_slab_vert": {
    "criteria": {
      "has_item": "2022-07-20 13:23:21 -0500"
    },
    "done": true
  },
  "minecraft:recipes/tools/wooden_axe": {
    "criteria": {
      "has_stick": "2022-07-20 13:21:45 -0500"
    },
    "done": true
  },
  "minecraft:recipes/building_blocks/purple_concrete_powder": {
    "criteria": {
      "has_gravel": "2022-07-20 13:24:13 -0500"
    },
    "done": true
  },
  "minecraft:recipes/building_blocks/magenta_concrete_powder": {
    "criteria": {
      "has_gravel": "2022-07-20 13:24:13 -0500"
    },
    "done": true
  },
  "createdeco:recipes/createdeco.bricks/mossy_red_long_bricks_stairs": {
    "criteria": {
      "has_mossy_red_long_bricks": "2022-07-20 13:23:54 -0500"
    },
    "done": true
  },
  "createdeco:recipes/createdeco.bricks/mossy_red_long_bricks_stairs_from_mossy_red_long_bricks_stonecutting": {
    "criteria": {
      "has_mossy_red_long_bricks": "2022-07-20 13:23:54 -0500"
    },
    "done": true
  },
  "create:recipes/create.base/crafting/kinetics/track_station": {
    "criteria": {
      "has_item": "2022-07-20 13:16:24 -0500"
    },
    "done": true
  },
  "create:recipes/create.base/crafting/kinetics/track_observer": {
    "criteria": {
      "has_item": "2022-07-20 13:16:24 -0500"
    },
    "done": true
  },
  "createdeco:recipes/createdeco.bricks/cracked_red_long_bricks_slab_from_red_long_bricks_slab_blasting": {
    "criteria": {
      "has_red_long_bricks_slab": "2022-07-20 13:23:39 -0500"
    },
    "done": true
  },
  "minecraft:recipes/building_blocks/lime_concrete_powder": {
    "criteria": {
      "has_gravel": "2022-07-20 13:24:13 -0500"
    },
    "done": true
  },
  "minecraft:recipes/building_blocks/yellow_concrete_powder": {
    "criteria": {
      "has_gravel": "2022-07-20 13:24:13 -0500"
    },
    "done": true
  },
  "createdeco:recipes/createdeco.bricks/red_long_bricks_wall": {
    "criteria": {
      "has_red_long_bricks": "2022-07-20 13:23:44 -0500"
    },
    "done": true
  },
  "minecraft:adventure/adventuring_time": {
    "criteria": {
      "minecraft:taiga": "2022-07-20 13:16:10 -0500",
      "minecraft:river": "2022-07-20 13:17:03 -0500"
    },
    "done": false
  },
  "minecraft:recipes/decorations/campfire": {
    "criteria": {
      "has_stick": "2022-07-20 13:21:45 -0500"
    },
    "done": true
  },
  "minecraft:recipes/tools/wooden_pickaxe": {
    "criteria": {
      "has_stick": "2022-07-20 13:21:45 -0500"
    },
    "done": true
  },
  "minecraft:recipes/decorations/ladder": {
    "criteria": {
      "has_stick": "2022-07-20 13:21:45 -0500"
    },
    "done": true
  },
  "minecraft:recipes/decorations/chest": {
    "criteria": {
      "has_lots_of_items": "2022-07-20 13:16:55 -0500"
    },
    "done": true
  },
  "minecraft:recipes/building_blocks/brown_concrete_powder": {
    "criteria": {
      "has_gravel": "2022-07-20 13:24:13 -0500"
    },
    "done": true
  },
  "create:recipes/create.base/crafting/kinetics/controls": {
    "criteria": {
      "has_item": "2022-07-20 13:16:24 -0500"
    },
    "done": true
  },
  "createdeco:recipes/createdeco.bricks/red_long_bricks_slab_from_red_long_bricks_stonecutting": {
    "criteria": {
      "has_red_long_bricks": "2022-07-20 13:23:44 -0500"
    },
    "done": true
  },
  "minecraft:recipes/building_blocks/green_concrete_powder": {
    "criteria": {
      "has_gravel": "2022-07-20 13:24:13 -0500"
    },
    "done": true
  },
  "minecraft:recipes/tools/wooden_shovel": {
    "criteria": {
      "has_stick": "2022-07-20 13:21:45 -0500"
    },
    "done": true
  },
  "createdeco:recipes/createdeco.bricks/red_long_bricks_slab": {
    "criteria": {
      "has_red_long_bricks": "2022-07-20 13:23:44 -0500"
    },
    "done": true
  },
  "minecraft:adventure/root": {
    "criteria": {
      "killed_something": "2022-07-20 13:25:37 -0500"
    },
    "done": true
  },
  "createdeco:recipes/createdeco.bricks/red_long_bricks_stairs_from_red_long_bricks_stonecutting": {
    "criteria": {
      "has_red_long_bricks": "2022-07-20 13:23:44 -0500"
    },
    "done": true
  },
  "createdeco:recipes/createdeco.bricks/red_long_bricks_slab_vert": {
    "criteria": {
      "has_item": "2022-07-20 13:23:39 -0500"
    },
    "done": true
  },
  "create:recipes/create.base/crafting/kinetics/track_observer_from_other_plates": {
    "criteria": {
      "has_item": "2022-07-20 13:16:24 -0500"
    },
    "done": true
  },
  "minecraft:recipes/combat/wooden_sword": {
    "criteria": {
      "has_stick": "2022-07-20 13:21:45 -0500"
    },
    "done": true
  },
  "minecraft:recipes/building_blocks/white_concrete_powder": {
    "criteria": {
      "has_gravel": "2022-07-20 13:24:13 -0500"
    },
    "done": true
  },
  "minecraft:recipes/building_blocks/blue_concrete_powder": {
    "criteria": {
      "has_gravel": "2022-07-20 13:24:13 -0500"
    },
    "done": true
  },
  "minecraft:recipes/building_blocks/gray_concrete_powder": {
    "criteria": {
      "has_gravel": "2022-07-20 13:24:13 -0500"
    },
    "done": true
  },
  "createdeco:recipes/createdeco.bricks/cracked_red_long_bricks_stairs_from_red_long_bricks_stairs_blasting": {
    "criteria": {
      "has_red_long_bricks_stairs": "2022-07-20 13:23:41 -0500"
    },
    "done": true
  },
  "createdeco:recipes/createdeco.bricks/cracked_red_long_bricks_slab_vert_from_red_long_bricks_slab_blasting": {
    "criteria": {
      "has_red_long_bricks_slab": "2022-07-20 13:23:39 -0500"
    },
    "done": true
  },
  "minecraft:recipes/tools/wooden_hoe": {
    "criteria": {
      "has_stick": "2022-07-20 13:21:45 -0500"
    },
    "done": true
  },
  "createdeco:recipes/createdeco.bricks/mossy_red_long_bricks_slab_from_mossy_red_long_bricks_stonecutting": {
    "criteria": {
      "has_mossy_red_long_bricks": "2022-07-20 13:23:54 -0500"
    },
    "done": true
  },
  "createdeco:recipes/createdeco.bricks/mossy_red_long_bricks_wall_from_mossy_red_long_bricks_stonecutting": {
    "criteria": {
      "has_mossy_red_long_bricks": "2022-07-20 13:23:54 -0500"
    },
    "done": true
  },
  "minecraft:recipes/building_blocks/black_concrete_powder": {
    "criteria": {
      "has_gravel": "2022-07-20 13:24:13 -0500"
    },
    "done": true
  },
  "createdeco:recipes/createdeco.bricks/cracked_red_long_bricks_from_red_long_bricks_blasting": {
    "criteria": {
      "has_red_long_bricks": "2022-07-20 13:23:44 -0500"
    },
    "done": true
  },
  "create:root": {
    "criteria": {
      "0": "2022-07-20 13:16:21 -0500"
    },
    "done": true
  },
  "minecraft:recipes/building_blocks/coarse_dirt": {
    "criteria": {
      "has_gravel": "2022-07-20 13:24:13 -0500"
    },
    "done": true
  },
  "create:track_0": {
    "criteria": {
      "0": "2022-07-20 13:16:21 -0500"
    },
    "done": true
  },
  "minecraft:recipes/combat/crossbow": {
    "criteria": {
      "has_stick": "2022-07-20 13:21:45 -0500"
    },
    "done": true
  },
  "createdeco:recipes/createdeco.bricks/mossy_red_long_bricks_wall": {
    "criteria": {
      "has_mossy_red_long_bricks": "2022-07-20 13:23:54 -0500"
    },
    "done": true
  },
  "minecraft:recipes/decorations/soul_campfire": {
    "criteria": {
      "has_stick": "2022-07-20 13:21:45 -0500"
    },
    "done": true
  },
  "createdeco:recipes/createdeco.bricks/mossy_red_long_bricks_slab_vert": {
    "criteria": {
      "has_item": "2022-07-20 13:23:49 -0500"
    },
    "done": true
  },
  "minecraft:recipes/building_blocks/light_gray_concrete_powder": {
    "criteria": {
      "has_gravel": "2022-07-20 13:24:13 -0500"
    },
    "done": true
  },
  "minecraft:recipes/building_blocks/light_blue_concrete_powder": {
    "criteria": {
      "has_gravel": "2022-07-20 13:24:13 -0500"
    },
    "done": true
  },
  "createdeco:recipes/createdeco.bricks/cracked_red_long_bricks_wall_from_red_long_bricks_wall_blasting": {
    "criteria": {
      "has_red_long_bricks_wall": "2022-07-20 13:23:27 -0500"
    },
    "done": true
  },
  "minecraft:recipes/building_blocks/orange_concrete_powder": {
    "criteria": {
      "has_gravel": "2022-07-20 13:24:13 -0500"
    },
    "done": true
  },
  "createdeco:recipes/createdeco.bricks/red_long_bricks_stairs": {
    "criteria": {
      "has_red_long_bricks": "2022-07-20 13:23:44 -0500"
    },
    "done": true
  },
  "minecraft:recipes/building_blocks/cyan_concrete_powder": {
    "criteria": {
      "has_gravel": "2022-07-20 13:24:13 -0500"
    },
    "done": true
  },
  "create:recipes/create.base/crafting/kinetics/track_signal": {
    "criteria": {
      "has_item": "2022-07-20 13:16:24 -0500"
    },
    "done": true
  },
  "createdeco:recipes/createdeco.bricks/red_long_bricks_wall_from_red_long_bricks_stonecutting": {
    "criteria": {
      "has_red_long_bricks": "2022-07-20 13:23:44 -0500"
    },
    "done": true
  },
  "DataVersion": 2975
}