{
  "semanticVersion": "1.2.6",
  "updateInfo": {
    "en_us": "Iris 1.2.6 has released, with multiple bug fixes and support for 1.19.1! Download it at: {link}",
    "de_de": "Iris 1.2.6 ist mit mehreren Fehlerbehebungen und Unterstützung für die 1.19.1 erschienen! Lade es auf {link} herunter.",
    "pt_pt": "Iris 1.2.6 está agora disponível com várias correções de erros e suporte para 1.19.1! Descarrega em: {link}",
    "es_es": "¡Iris 1.2.6 está ahora disponible con múltiples correcciones de errores y compatibilidad para la 1.19.1! Descárgalo en: {link}",
    "es_mx": "¡Iris 1.2.6 está ahora disponible con múltiples correcciones de errores y compatibilidad para la 1.19.1! Descárgalo en: {link}",
    "ko_kr": "Iris 1.2.6이 출시되었으며 여러 버그 수정 및 1.19.1에 대한 지원이 포함되어 있습니다! 다운로드: {link}",
    "hu_hu": "Megjelent az új Iris 1.2.6, többféle hibahavítással és 1.19.1 támogatással!Itt tudod letölteni: {link}",
    "nl_nl": "Iris 1.2.6 is nu uitgebracht, met meerdere bug fixes en ondersteuning voor 1.19.1! Download de update via: {link}",
    "sk_sk": "Iris 1.2.6 bol vydaný s viacerými opravami a podporou Minecraftu 1.19.1! Stiahni ho tu: {link}",
    "tr_tr": "İris 1.2.6 birçok hata düzeltmeleri ve 1.19.1 desteğiyle yayımlandı! Şuradan indirin: {link}",
    "pt_br": "Iris 1.2.6 foi lançado com várias correções de erros e suporte para 1.19.1! Baixe em: {link}",
    "he_il": "איריס 1.2.6 זמינה להורדה, עם תיקוני באגים לתמיכה ב1.19.1! השג אותה ב: {link}",
    "uk_ua": "Випущено Iris 1.2.6 із численними виправленнями помилок і підтримкою 1.19.1! Завантажте його за посиланням: {link}",
    "fr_fr": "Iris 1.2.6 est désormais disponible, avec multiples corrections de bugs et l’ajout de la compatibilité avec la 1.19.1 ! Disponible en téléchargement sur ce lien : {link}",
    "pl_pl": "Iris 1.2.6 został wydany, z wieloma poprawkami błędów i obsługą wersji 1.19.1! Pobierz z {link}",
    "ru_ru": "Выпущен Iris 1.2.6, где присутствует несколько исправлений старых ошибок и поддержка 1.19.1! Скачать: {link}",
    "en_pt": "Iris 1.2.6 has been located on our map, with coffers o' bug squishes and now is workin' for 1.19.1. X marks the spot: {link}",
    "ua_ua": "Випущено Iris 1.2.6. Наявні: декілька виправлень старих помилок та підтримка 1.19.1! Завантажити: {link}",
    "cs_cz": "Je dostupná Iris 1.2.6 s několika opravami chyb a podporou pro 1.19.1! Stáhněte si jí zde: {link}",
    "lol_us": "Iriz 1.2.6 iz out!! Wif sum bug fixez an suport 4 vershun 1.19.1! Git it her!!: {link}",
    "zh_cn": "Iris 1.2.6 已发布，在修复了许多问题的同时也添加了对 1.19.1 的支持！下载地址：{link}",
    "en_ud": "{link} :ʇɐ ʇᴉ pɐoןuʍoᗡ ¡Ɩ˙6Ɩ˙Ɩ ɹoɟ ʇɹoddns puɐ sǝxᴉɟ ƃnq ǝןdᴉʇןnɯ ɥʇᴉʍ ´pǝsɐǝןǝɹ sɐɥ 9˙ᘔ˙Ɩ sᴉɹI"
},
  "modHost": "Modrinth",
  "modDownload": "https://modrinth.com/mod/iris",
  "installer": "https://irisshaders.net"
}
