{"stats":{"minecraft:picked_up":{"minecraft:stick":15,"minecraft:spruce_sapling":12},"minecraft:custom":{"minecraft:jump":38,"minecraft:open_chest":1,"minecraft:time_since_rest":14297,"minecraft:damage_dealt":200,"minecraft:leave_game":2,"minecraft:play_time":14297,"minecraft:sprint_one_cm":3897,"minecraft:time_since_death":14297,"minecraft:walk_one_cm":24396,"minecraft:sneak_time":128,"minecraft:total_world_time":14774,"minecraft:mob_kills":1,"minecraft:fly_one_cm":32374},"minecraft:killed":{"minecraft:villager":1},"minecraft:used":{"minecraft:netherite_axe":2,"create:track":13,"createdeco:red_long_bricks":1,"createdeco:red_long_bricks_slab_vert":17,"minecraft:gravel":62,"createdeco:red_long_bricks_stairs":35,"minecraft:andesite_slab":33,"createdeco:red_long_bricks_slab":30}},"DataVersion":2975}